{"carbohydrates_g": [520.344, 624.4128000000001], "fat_g": [92.50560000000002, 138.75840000000002], "fiber_g": [50, 60], "protein_g": [110.00000000000001, 145.0], "large_calories": 4162.752}